	gram_1	Freq
0	purposeful	15
1	interactional	34
2	appropriate	528
3	weak	179
4	support	1917
5	strategy	515
6	initiate	81
7	stake	19
8	achievement	254
9	negative	776
10	moderation	44
11	responsive	37
12	conditional	20
13	contagion	40
14	exemplary	42
15	romanticize	27
16	philosophical	22
17	staffing	19
18	narrow	37
19	motive	227
20	correspondence	28
21	affair	23
22	friendliness	9
23	diminish	56
24	directive	219
25	conger	84
26	construct	1155
27	personalize	96
28	agentic	17
29	sustain	123
30	medicine	15
31	upper	66
32	lord	151
33	harm	27
34	interdependence	65
35	champion	28
36	message	173
37	conducive	54
38	build	376
39	freeze	13
40	schema	125
41	simulate	18
42	relevant	589
43	superordinate	13
44	empowerment	286
45	disperse	28
46	egalitarianism	20
47	president	101
48	disadvantage	32
49	army	21
50	institutional	95
51	unique	274
52	standard	393
53	compromise	37
54	individualise	2
55	repeat	60
56	categorization	109
57	excellence	37
58	worth	79
59	senge	13
60	dissemination	14
61	internalization	65
62	constraint	120
63	hero	13
64	grant	83
65	new	71
66	discipline	88
67	wealth	65
68	extroversion	58
69	disease	30
70	operationalize	120
71	hunt	42
72	debate	77
73	prime	42
74	prefer	168
75	see	68
76	applicability	22
77	humane	27
78	many	135
79	election	33
80	routine	148
81	model	3097
82	ceiling	18
83	positivist	12
84	uniqueness	23
85	obligation	109
86	dependent	259
87	surprise	20
88	snapshot	12
89	starting	12
90	tap	35
91	equi	16
92	echelon	65
93	experiential	15
94	dependency	34
95	contextual	181
96	decision	829
97	invite	37
98	object	101
99	lower	137
100	single	257
101	movement	103
102	equip	21
103	persistence	36
104	seize	12
105	cite	94
106	compelling	50
107	feel	462
108	hygiene	18
109	chen	28
110	promotion	120
111	gift	31
112	theorizing	28
113	prevalent	44
114	professional	316
115	arouse	29
116	viability	14
117	attribution	596
118	real	211
119	quo	8
120	diagram	24
121	prominent	78
122	senior	131
123	alive	12
124	anonymity	102
125	myers	15
126	overlapp	17
127	alike	22
128	poor	144
129	partner	118
130	convert	20
131	unconscious	31
132	paradigm	196
133	club	12
134	feminist	14
135	homogenous	26
136	mouton	2
137	confirmatory	28
138	costly	17
139	display	338
140	motivate	221
141	three	926
142	inexperienced	12
143	expression	105
144	neurotic	20
145	equality	60
146	comment	97
147	deserve	30
148	redundancy	21
149	syndrome	13
150	patient	124
151	buy	22
152	tension	61
153	prevent	88
154	rigorous	30
155	noise	14
156	spirituality	81
157	severe	35
158	idealizing	1
159	envision	44
160	region	85
161	competent	68
162	uncover	43
163	application	182
164	supervise	39
165	benefit	596
166	median	40
167	dissimilar	12
168	director	50
169	vague	29
170	boost	18
171	intervention	141
172	sector	166
173	capable	102
174	appreciation	52
175	ultimate	50
176	coherent	40
177	teaching	129
178	century	80
179	scholarly	49
180	grasp	19
181	societal	70
182	tridimensional	8
183	span	41
184	ego	44
185	assimilate	20
186	metaphor	44
187	multidimensional	17
188	peasant	31
189	cultural	525
190	neocharismatic	26
191	grow	207
192	requirement	149
193	utilization	41
194	manage	356
195	location	42
196	zaccaro	37
197	nominal	21
198	essence	69
199	coalition	32
200	generalization	52
201	agenda	59
202	faculty	91
203	combat	27
204	procedural	67
205	british	20
206	hierarchical	288
207	axis	10
208	extreme	147
209	taxonomy	162
210	medium	82
211	decrease	137
212	learning	246
213	kernberg	6
214	susceptible	35
215	subsequent	205
216	synchrony	8
217	listen	100
218	unequal	21
219	variability	87
220	friendship	50
221	semantic	12
222	psychometric	42
223	corroborate	25
224	bright	23
225	alleviate	12
226	understand	604
227	identifiable	22
228	equal	82
229	nurturance	15
230	choose	235
231	experiment	188
232	endorsement	40
233	dissatisfied	12
234	augment	45
235	management	1539
236	amenable	14
237	rejection	32
238	turnover	119
239	threaten	70
240	property	163
241	distinctive	47
242	captivate	1
243	strength	288
244	obvious	63
245	community	252
246	feminism	12
247	manufacturing	130
248	develop	1697
249	frequency	356
250	disagree	31
251	ensure	249
252	term	1295
253	breakdown	15
254	web	19
255	differentiation	168
256	networking	56
257	loafing	30
258	found	29
259	omnibus	50
260	human	817
261	bridge	33
262	cover	83
263	bureaucracy	34
264	peace	33
265	researcher	788
266	dissimilarity	28
267	infancy	12
268	god	35
269	convince	21
270	arrive	26
271	score	349
272	mind	216
273	unit	496
274	vulnerability	70
275	climatic	22
276	spatial	3
277	theoretical	758
278	respect	393
279	competitive	176
280	popularity	40
281	elaboration	46
282	informational	37
283	completion	19
284	acquire	90
285	judge	162
286	hard	59
287	sensitive	86
288	implicate	15
289	bad	44
290	master	23
291	diverse	210
292	oversight	8
293	centralize	110
294	execute	52
295	door	12
296	appointment	13
297	theorist	127
298	superior	505
299	empirical	721
300	educational	218
301	private	120
302	vary	299
303	portfolio	10
304	demographic	163
305	hersey	28
306	evidence	794
307	patter	7
308	dominate	85
309	conceptualize	186
310	brainstorm	12
311	earn	32
312	tight	15
313	resident	117
314	encounter	90
315	hierarchy	211
316	calm	16
317	represent	677
318	responsible	134
319	receptive	19
320	membership	205
321	extraversion	55
322	temporary	27
323	warfare	4
324	complement	43
325	health	256
326	persuasive	38
327	emotional	331
328	hubris	17
329	transference	23
330	bit	12
331	junior	32
332	superiority	21
333	programme	67
334	interested	94
335	monitoring	98
336	deliberate	28
337	abstract	65
338	sponsorship	40
339	conclusion	313
340	doubt	56
341	stogdills	13
342	condition	948
343	dearth	16
344	solution	269
345	nature	619
346	big	28
347	distinguished	71
348	meaning	141
349	flaw	13
350	linkage	154
351	nonprofit	15
352	arrange	16
353	favor	109
354	science	187
355	smaller	40
356	journal	57
357	infrastructure	36
358	underline	20
359	scheme	42
360	collaborative	85
361	relational	608
362	trustworthiness	53
363	distributive	31
364	radical	73
365	ineffective	67
366	part	96
367	facilitate	392
368	insight	189
369	burns	112
370	evaluative	13
371	misleading	17
372	regulatory	24
373	contest	16
374	competitiveness	18
375	man	352
376	accept	375
377	reflection	116
378	proponent	31
379	prospect	17
380	excited	15
381	managerial	290
382	team	2961
383	employer	37
384	enrich	16
385	instil	16
386	relationship	3724
387	bear	51
388	interorganizational	27
389	lazarus	2
390	receipt	26
391	drop	19
392	imagination	12
393	humility	160
394	decisive	26
395	modeling	57
396	remainder	21
397	plot	13
398	chain	166
399	partial	59
400	overestimate	14
401	guidance	103
402	violation	22
403	speculative	13
404	inclusion	84
405	indirect	206
406	animate	1
407	female	229
408	preclude	30
409	reality	294
410	fact	466
411	fitting	13
412	hide	15
413	encourage	539
414	interrelation	12
415	water	14
416	epistemic	18
417	traditional	361
418	incoming	12
419	large	351
420	elaborate	50
421	antonakis	31
422	psychological	397
423	need	1685
424	exhaustive	15
425	reliable	74
426	matrix	39
427	fight	12
428	facial	35
429	fate	23
430	parsimony	15
431	book	142
432	metasystem	14
433	mechanism	366
434	ideal	184
435	examine	1339
436	scenario	46
437	variable	1451
438	protective	21
439	watersh	20
440	dimensional	26
441	seek	435
442	data	702
443	appear	282
444	participative	178
445	practitioner	118
446	bully	53
447	concrete	41
448	volatility	39
449	face	373
450	dansereau	40
451	remark	52
452	cost	261
453	adaptive	184
454	easier	34
455	allen	13
456	wome	14
457	observer	187
458	flow	126
459	prototypic	19
460	manz	12
461	undergo	19
462	common	549
463	occupation	64
464	betweenness	31
465	collaboration	100
466	distinguish	99
467	abound	12
468	bono	30
469	know	111
470	include	1836
471	philosophy	51
472	perceiver	72
473	participant	542
474	white	43
475	compose	52
476	remind	16
477	statistic	28
478	groupman	16
479	indication	32
480	growth	205
481	habit	16
482	absorb	20
483	box	33
484	online	18
485	apparent	87
486	language	185
487	live	63
488	inability	30
489	reviewer	23
490	appraise	16
491	rest	71
492	outside	191
493	de	39
494	groupness	14
495	professionalism	19
496	nomological	18
497	interval	19
498	unpublish	15
499	expertise	125
500	refuse	17
501	additive	16
502	male	251
503	mask	15
504	behavioural	39
505	nonleadership	13
506	interview	126
507	press	96
508	soldier	14
509	diary	16
510	tash	28
511	agreeable	24
512	prosocial	25
513	compliance	136
514	criticism	117
515	operationalization	49
516	critical	507
517	emanate	32
518	concern	513
519	reliant	21
520	collection	66
521	world	43
522	interdependent	84
523	sell	50
524	north	23
525	honesty	36
526	mayor	14
527	competitor	38
528	content	243
529	virtual	124
530	multifactor	270
531	cooperation	146
532	smith	47
533	popular	122
534	emphasize	467
535	structuralistic	1
536	exhibit	279
537	distinguishing	32
538	healthcare	52
539	fulfill	43
540	gross	12
541	related	1366
542	bonding	16
543	disposition	56
544	mitchell	21
545	hostility	18
546	distant	104
547	bank	36
548	rewarding	48
549	prediction	237
550	ecological	17
551	ample	15
552	inductive	13
553	impossible	53
554	imply	291
555	tailor	26
556	genre	15
557	root	99
558	upset	12
559	adjustment	41
560	facilitator	52
561	performer	29
562	confident	79
563	manufacture	18
564	discriminant	33
565	ethic	151
566	personal	708
567	replicate	72
568	varied	68
569	holonomic	16
570	caveat	13
571	greater	703
572	formative	20
573	abusive	17
574	obstacle	35
575	embedding	17
576	operating	22
577	elusive	7
578	socialization	92
579	author	404
580	denote	12
581	democratic	198
582	liberal	16
583	multisource	5
584	attain	118
585	estimate	115
586	intent	82
587	controversy	38
588	tough	15
589	assist	52
590	marry	13
591	inequality	20
592	psychodynamic	29
593	21st	16
594	teacher	585
595	trustworthy	35
596	deadline	19
597	diffusion	24
598	handle	68
599	rehearsal	2
600	scoring	18
601	viable	39
602	report	936
603	delegation	99
604	communication	571
605	mainstream	27
606	damage	20
607	elicit	90
608	clearer	12
609	veracity	12
610	shift	199
611	improve	469
612	masculinity	60
613	occupational	114
614	burnout	211
615	rights	35
616	shortcoming	27
617	perform	539
618	performance	2325
619	discover	82
620	authoritative	24
621	emphasise	16
622	boss	69
623	ask	134
624	construe	43
625	inhibition	16
626	halo	15
627	intellectual	63
628	exceptional	42
629	danger	24
630	determination	63
631	dramatic	17
632	ethnic	32
633	introduction	82
634	source	425
635	municipal	13
636	friend	24
637	grandiose	17
638	award	14
639	direct	706
640	rationale	60
641	count	34
642	dedicated	18
643	multiple	457
644	artifact	50
645	sort	47
646	excel	13
647	stressor	92
648	cynicism	45
649	take	225
650	revolution	22
651	revealing	13
652	pastor	13
653	kindness	4
654	resolve	89
655	distribution	102
656	prestige	12
657	capacity	237
658	allow	139
659	discrepant	16
660	main	269
661	observable	39
662	identify	1152
663	series	98
664	labour	14
665	reason	414
666	emergence	306
667	hemphill	12
668	evident	89
669	death	14
670	video	12
671	minimize	53
672	serving	8
673	king	18
674	surface	23
675	se	51
676	innovator	12
677	phenomenological	18
678	oriented	377
679	strongest	72
680	show	164
681	profile	139
682	prompt	23
683	incongruent	13
684	interviewee	25
685	integrative	109
686	mental	110
687	send	31
688	spill	12
689	predictive	110
690	correction	12
691	reciprocal	78
692	capability	144
693	vertical	57
694	cause	82
695	retail	16
696	differential	85
697	subject	292
698	pure	22
699	safety	428
700	formal	352
701	huge	12
702	cohen	14
703	rating	516
704	stimuli	26
705	openness	75
706	watershed	53
707	den	20
708	prototypicality	5
709	topic	187
710	begin	103
711	appealing	50
712	custom	12
713	closer	73
714	clan	25
715	acuity	14
716	occurrence	42
717	authenticity	88
718	structuring	117
719	organisation	257
720	nursing	195
721	distal	26
722	gather	69
723	conform	51
724	outstanding	37
725	reactive	16
726	building	308
727	recognize	447
728	loading	31
729	buffer	16
730	desire	335
731	pragmatic	67
732	demography	29
733	enforce	35
734	orientated	13
735	place	387
736	candidate	45
737	reach	161
738	echo	16
739	mistake	72
740	institute	36
741	ingratiation	15
742	restrict	68
743	change	1423
744	grouping	26
745	hear	24
746	degree	682
747	facet	103
748	power	926
749	narcissistic	41
750	keep	40
751	outweigh	12
752	reading	13
753	pathological	7
754	relatedness	16
755	adjective	13
756	supplier	70
757	criterion	466
758	arise	90
759	analytical	29
760	decentralize	14
761	supervisee	30
762	instability	13
763	secure	108
764	mentorship	8
765	legitimize	12
766	police	31
767	neutralize	62
768	nonleader	28
769	academic	149
770	negotiate	59
771	bandura	18
772	participation	298
773	update	21
774	trust	1269
775	finding	1091
776	preferable	19
777	reform	49
778	genetics	7
779	devotion	10
780	sweden	15
781	personological	8
782	morality	49
783	clarity	123
784	reveal	226
785	happen	56
786	inappropriate	41
787	remote	12
788	definitional	16
789	childhood	45
790	incorporation	15
791	electronic	133
792	troop	12
793	constructionism	26
794	assure	17
795	heroic	51
796	accompany	57
797	merit	39
798	specificity	22
799	crisis	129
800	spillover	13
801	concerted	12
802	national	136
803	grade	14
804	religious	58
805	upward	50
806	dissatisfaction	61
807	move	143
808	synergy	26
809	affectivity	17
810	law	73
811	conventional	42
812	clear	414
813	refinement	22
814	espouse	48
815	sosik	24
816	projection	17
817	describe	243
818	careful	33
819	centrality	126
820	obey	20
821	tracking	4
822	attractiveness	26
823	legitimacy	45
824	adherence	25
825	symbolic	133
826	validation	53
827	myth	18
828	french	22
829	wish	34
830	equilibrium	18
831	disclose	12
832	engineer	30
833	bradbury	13
834	excessive	32
835	foster	293
836	sustainability	24
837	amplify	13
838	minimum	47
839	consideration	659
840	vital	63
841	evolution	82
842	realization	42
843	capture	192
844	true	216
845	objective	583
846	yukl	136
847	dismiss	18
848	none	17
849	cheng	14
850	external	349
851	willing	141
852	predict	597
853	obedience	38
854	remember	25
855	sharnbrook	15
856	dilemma	56
857	hinge	14
858	interpretation	209
859	sensitivity	64
860	portray	46
861	spontaneous	21
862	commitment	785
863	recognition	170
864	micro	54
865	unresponsiveness	1
866	push	38
867	factorial	16
868	entrepreneur	46
869	occupant	12
870	republic	21
871	ethnicity	12
872	questionnaire	431
873	follower	3503
874	socialize	183
875	assignment	100
876	regard	402
877	hospitality	28
878	mumford	26
879	leave	222
880	open	209
881	congruent	90
882	accessible	25
883	compare	418
884	foundational	14
885	aim	226
886	y	38
887	potential	617
888	interesting	213
889	rate	296
890	reciprocity	109
891	war	43
892	restriction	21
893	neutral	41
894	unexplored	20
895	uphold	14
896	intersubjective	13
897	image	158
898	invent	17
899	inform	99
900	discrepancy	81
901	guide	243
902	value	1804
903	crew	33
904	force	253
905	oppose	135
906	participate	189
907	turner	13
908	digital	17
909	axe	14
910	target	226
911	intuitiveness	1
912	create	963
913	coach	118
914	aspect	738
915	perpetrator	29
916	punishment	120
917	mediating	21
918	escalation	4
919	layer	55
920	emotionality	46
921	exit	31
922	explicit	206
923	accelerate	13
924	defense	23
925	burden	14
926	negate	24
927	individual	3295
928	impersonal	16
929	mirroring	1
930	domination	19
931	living	12
932	raw	16
933	emergency	15
934	facilitative	24
935	union	42
936	voice	77
937	forego	14
938	service	504
939	permit	64
940	fluid	15
941	wave	20
942	coercive	14
943	argumentation	12
944	accident	46
945	supplementary	14
946	diagnose	21
947	do	114
948	instructor	38
949	expand	153
950	exogenous	14
951	harmony	36
952	robust	31
953	woman	802
954	advance	171
955	social	2423
956	deliver	50
957	implementation	281
958	have	62
959	faster	19
960	myriad	20
961	redefine	13
962	workshop	16
963	writer	62
964	proximal	44
965	ease	44
966	snowden	17
967	attend	76
968	scientist	52
969	bond	53
970	interdependency	36
971	neo	12
972	problem	1051
973	soil	18
974	unpleasant	15
975	embed	170
976	antecedent	274
977	income	21
978	fram	19
979	spreitzer	18
980	exclude	56
981	day	115
982	behalf	41
983	detailed	83
984	liability	26
985	adequate	65
986	garner	21
987	octant	52
988	enhancement	40
989	cooper	12
990	improvidence	10
991	appoint	46
992	liden	38
993	contrast	471
994	subtle	22
995	forecast	12
996	compensation	18
997	settle	12
998	theory	4029
999	substantive	49
1000	ingenuity	4
1001	improvement	250
1002	disciplinary	16
1003	wrong	51
1004	locke	34
1005	relevance	116
1006	sound	46
1007	workload	17
1008	worker	485
1009	gardner	55
1010	relation	809
1011	advice	97
1012	mutation	12
1013	accurate	61
1014	refrain	15
1015	fitness	74
1016	checksum	19
1017	classify	104
1018	involved	195
1019	resistance	69
1020	entrepreneurship	20
1021	people	1434
1022	deplete	16
1023	capital	76
1024	teamwork	44
1025	assembly	25
1026	proposal	40
1027	inspiration	56
1028	child	159
1029	good	504
1030	relative	351
1031	reaction	196
1032	conscientious	36
1033	dubinsky	13
1034	imagery	43
1035	difficult	311
1036	renewal	13
1037	divergence	17
1038	assessment	353
1039	description	373
1040	conjunction	43
1041	program	383
1042	overall	57
1043	retention	34
1044	configuration	26
1045	majority	166
1046	learn	802
1047	transformational	759
1048	consultative	44
1049	suppress	24
1050	encompass	94
1051	blend	12
1052	authoritarian	119
1053	continua	15
1054	predominant	25
1055	significance	88
1056	cast	15
1057	illness	17
1058	focuss	15
1059	behavior	4098
1060	arous	12
1061	implement	216
1062	make	313
1063	celebrate	12
1064	insufficient	44
1065	match	246
1066	intrapersonal	21
1067	prevention	49
1068	share	945
1069	feedback	355
1070	emotive	5
1071	incur	12
1072	testing	185
1073	introduce	199
1074	substitute	259
1075	curve	25
1076	switch	14
1077	ambition	12
1078	company	426
1079	interconnect	14
1080	sole	17
1081	truth	38
1082	distribute	80
1083	epistemology	23
1084	procedure	288
1085	meaningful	145
1086	kennedy	15
1087	leadership	10894
1088	environment	824
1089	engineering	42
1090	more	111
1091	predictor	304
1092	style	1259
1093	increase	1219
1094	entry	27
1095	provision	44
1096	prevalence	18
1097	naive	14
1098	commonality	30
1099	middle	159
1100	vulnerable	54
1101	unrelated	20
1102	interest	762
1103	evolutionary	71
1104	anger	31
1105	occupy	100
1106	predominate	13
1107	preliminary	49
1108	tacit	63
1109	rost	14
1110	nationality	33
1111	intersection	17
1112	succession	24
1113	romance	8
1114	murphy	30
1115	accumulate	46
1116	centric	16
1117	block	40
1118	humble	22
1119	theorize	56
1120	integral	40
1121	label	174
1122	divide	80
1123	absent	52
1124	incremental	46
1125	enactment	98
1126	chairperson	45
1127	compatible	38
1128	older	102
1129	effort	717
1130	client	149
1131	eliminate	50
1132	past	34
1133	bennis	26
1134	delegate	149
1135	honest	30
1136	bring	251
1137	landholder	38
1138	govern	44
1139	tie	205
1140	appearance	35
1141	art	17
1142	proactivity	6
1143	church	19
1144	driver	34
1145	harder	12
1146	assemble	14
1147	newer	35
1148	courage	14
1149	sacrifice	98
1150	physiological	27
1151	inclusive	62
1152	strategic	264
1153	drive	188
1154	constructivist	14
1155	expectation	709
1156	district	25
1157	punish	45
1158	mean	329
1159	applicable	67
1160	brainstorming	50
1161	freedom	64
1162	aggrandizement	29
1163	calder	21
1164	light	134
1165	emotion	480
1166	form	956
1167	setting	431
1168	formation	95
1169	coordinate	127
1170	close	277
1171	symbolize	27
1172	mayer	30
1173	rival	14
1174	proceed	30
1175	acquaintance	21
1176	draw	339
1177	remains	22
1178	shaw	17
1179	turn	464
1180	accord	467
1181	exchange	449
1182	altruism	31
1183	substance	12
1184	delineate	16
1185	note	283
1186	complexity	319
1187	harassment	16
1188	meet	247
1189	innate	11
1190	confusion	57
1191	spite	31
1192	surprising	104
1193	corporation	51
1194	protection	30
1195	defensive	13
1196	rol	53
1197	ready	23
1198	aspire	17
1199	praise	64
1200	indigenous	21
1201	stronger	238
1202	proliferation	27
1203	contradictory	31
1204	ohio	9
1205	coping	20
1206	regional	66
1207	reciprocate	41
1208	help	272
1209	weber	52
1210	friendly	42
1211	acquisition	46
1212	harvard	19
1213	hold	438
1214	characterize	407
1215	paradox	29
1216	hope	158
1217	patten	13
1218	dynamism	16
1219	aggressive	58
1220	promise	108
1221	overwhelming	19
1222	speech	48
1223	assurance	17
1224	reasoning	70
1225	imperative	35
1226	option	56
1227	founder	20
1228	room	30
1229	approach	3822
1230	argument	302
1231	dependence	42
1232	nuclear	40
1233	borrow	14
1234	energy	134
1235	generative	18
1236	taiwan	28
1237	kerr	81
1238	composite	43
1239	progression	25
1240	closeness	38
1241	soft	35
1242	favorable	131
1243	reduce	422
1244	host	28
1245	alliance	18
1246	grid	26
1247	manipulate	103
1248	return	117
1249	map	56
1250	permanent	16
1251	formulation	60
1252	collective	475
1253	educated	27
1254	solo	12
1255	educate	18
1256	manager	2343
1257	cautious	21
1258	ratio	28
1259	perfect	18
1260	access	120
1261	walk	20
1262	closure	194
1263	hand	331
1264	dominant	148
1265	devote	58
1266	workplace	287
1267	bundle	14
1268	recognise	23
1269	inter	28
1270	rare	43
1271	etzioni	12
1272	size	232
1273	con	18
1274	egalitarian	34
1275	profitability	29
1276	synergistic	12
1277	oldham	14
1278	minimal	40
1279	satisfying	66
1280	tangible	66
1281	classification	113
1282	situate	29
1283	redundant	26
1284	mutual	117
1285	loss	95
1286	arrogant	7
1287	altruistic	66
1288	similarity	230
1289	mentor	56
1290	disseminate	22
1291	exploratory	58
1292	variation	179
1293	resist	27
1294	intergroup	77
1295	global	353
1296	ability	918
1297	subjective	118
1298	claim	228
1299	hofstede	29
1300	daily	94
1301	integration	249
1302	devolution	14
1303	conversation	51
1304	ideology	55
1305	affective	332
1306	strengthen	109
1307	dorfman	13
1308	hartog	15
1309	finish	14
1310	enrol	17
1311	urgency	23
1312	privileged	13
1313	material	88
1314	synthesis	16
1315	restructuring	20
1316	innovation	719
1317	resultant	13
1318	coordination	100
1319	valence	18
1320	respective	53
1321	imaging	2
1322	influence	2439
1323	quick	23
1324	responsibility	874
1325	faith	58
1326	food	23
1327	joy	17
1328	intermediate	20
1329	barrier	106
1330	answer	160
1331	center	133
1332	consult	33
1333	unwilling	20
1334	examination	162
1335	receive	359
1336	longer	39
1337	designate	38
1338	dyad	252
1339	hybrid	13
1340	dispositional	68
1341	arousal	66
1342	wang	17
1343	deny	42
1344	loose	20
1345	depict	83
1346	simultaneous	32
1347	observational	16
1348	concept	982
1349	availability	34
1350	novelty	15
1351	instrumental	124
1352	enthusiastic	18
1353	purpose	386
1354	millennium	6
1355	extra	67
1356	inferior	24
1357	safe	56
1358	misinterpret	12
1359	unusual	25
1360	treatment	112
1361	systems	43
1362	reference	129
1363	cooperative	124
1364	heterogeneous	64
1365	lead	1159
1366	establishment	29
1367	civic	18
1368	elect	33
1369	moorman	12
1370	gratitude	19
1371	visibility	24
1372	strike	22
1373	highlight	264
1374	situational	277
1375	iii	45
1376	next	34
1377	interfere	16
1378	narcissism	72
1379	interactive	188
1380	failure	153
1381	render	58
1382	contrasting	12
1383	hardiness	27
1384	attendance	14
1385	adapt	159
1386	constructive	65
1387	anticipate	71
1388	unclear	50
1389	index	61
1390	work	3145
1391	pivotal	16
1392	conservation	46
1393	interrelationship	28
1394	realign	12
1395	welfare	90
1396	stimulation	13
1397	overcoming	15
1398	stay	62
1399	paradoxical	18
1400	subunit	34
1401	hotel	20
1402	window	14
1403	intimacy	16
1404	intensity	38
1405	government	99
1406	hackman	19
1407	lot	37
1408	elevate	37
1409	renew	25
1410	ward	35
1411	exclusion	27
1412	unnecessary	25
1413	civil	17
1414	shape	253
1415	initiation	52
1416	activation	37
1417	benevolence	52
1418	generic	71
1419	credible	26
1420	sense	636
1421	perceptual	82
1422	goleman	12
1423	ritual	25
1424	ground	115
1425	exploitative	9
1426	like	61
1427	referent	34
1428	asymmetry	13
1429	struggle	132
1430	staff	338
1431	favourable	16
1432	enrichment	14
1433	emulate	23
1434	result	2361
1435	attempt	514
1436	resilience	15
1437	entire	72
1438	overcome	92
1439	case	730
1440	mba	16
1441	simmelian	15
1442	fairness	108
1443	cross	284
1444	due	18
1445	scholarship	18
1446	risk	300
1447	avoidant	69
1448	confuse	13
1449	adhere	27
1450	association	293
1451	marker	26
1452	contributor	30
1453	industrial	80
1454	solidarity	21
1455	student	660
1456	hosking	78
1457	lose	89
1458	domain	276
1459	sustainable	39
1460	caring	42
1461	participatory	33
1462	definition	520
1463	bind	19
1464	watch	12
1465	division	53
1466	anxious	99
1467	operate	238
1468	adaptability	41
1469	legal	28
1470	active	192
1471	banking	14
1472	cohesiveness	21
1473	attribu	21
1474	distinguishable	14
1475	notion	300
1476	vast	41
1477	instruction	76
1478	investigation	241
1479	multifaceted	17
1480	counter	33
1481	aware	119
1482	direction	463
1483	emphaseze	113
1484	extract	20
1485	interpersonal	340
1486	meaningfulness	14
1487	uniform	14
1488	aggression	36
1489	equate	25
1490	prescription	41
1491	ingredient	15
1492	fair	71
1493	schriesheim	64
1494	urgent	20
1495	discern	14
1496	transition	65
1497	personnel	84
1498	join	41
1499	explicate	28
1500	affirm	21
1501	request	41
1502	genuine	45
1503	complementary	54
1504	aversive	12
1505	empathy	51
1506	insignificant	13
1507	cohesive	38
1508	gene	20
1509	carry	147
1510	multitude	14
1511	mediate	497
1512	holder	28
1513	refine	62
1514	prescriptive	55
1515	intelligence	260
1516	ferris	27
1517	constellation	14
1518	correspond	60
1519	boldness	13
1520	familiarity	13
1521	background	119
1522	modest	54
1523	newcomer	33
1524	foundation	145
1525	involve	818
1526	analysis	1451
1527	factor	1422
1528	athlete	65
1529	substantial	157
1530	predicate	19
1531	fail	230
1532	healthful	29
1533	short	142
1534	belong	65
1535	department	267
1536	confound	40
1537	heterogeneity	78
1538	memory	49
1539	elementary	19
1540	probable	13
1541	reasonable	52
1542	undermine	47
1543	visible	35
1544	house	311
1545	priority	112
1546	schmidt	20
1547	defend	24
1548	skilful	15
1549	play	490
1550	think	370
1551	causality	58
1552	time	1223
1553	unsuccessful	14
1554	spiritual	92
1555	appropriateness	23
1556	morphology	17
1557	developmental	177
1558	working	74
1559	mode	57
1560	collect	95
1561	unresolved	15
1562	justice	115
1563	ascribe	57
1564	mastery	29
1565	multilevel	69
1566	presidential	68
1567	parallel	57
1568	infant	34
1569	conservative	37
1570	comparison	243
1571	depression	34
1572	absolute	37
1573	favorability	30
1574	integrity	157
1575	pronounce	24
1576	proper	42
1577	structural	177
1578	fragment	17
1579	supportiveness	34
1580	loyalty	118
1581	parent	125
1582	exemplar	26
1583	establish	537
1584	instill	15
1585	transmission	35
1586	magnetic	3
1587	undergone	13
1588	star	13
1589	reshape	13
1590	depressive	6
1591	require	779
1592	implication	505
1593	overview	57
1594	focus	1974
1595	explanation	415
1596	plan	250
1597	inflexibility	13
1598	empathetic	13
1599	practice	1012
1600	statistical	106
1601	look	54
1602	alignment	66
1603	discount	16
1604	mediation	80
1605	conception	119
1606	frustration	50
1607	recombination	19
1608	customer	221
1609	converge	39
1610	paternalistic	19
1611	dachler	23
1612	workforce	63
1613	letter	28
1614	fear	121
1615	lie	105
1616	originate	50
1617	interactionist	19
1618	comprise	171
1619	inconsistent	82
1620	chief	36
1621	impressive	17
1622	matching	12
1623	disappear	12
1624	unified	18
1625	ambiguity	140
1626	conceptual	366
1627	adjust	44
1628	complicated	26
1629	shaver	12
1630	fry	17
1631	timing	22
1632	characterise	35
1633	inverse	14
1634	illustrate	134
1635	idiosyncratic	30
1636	logic	67
1637	medical	47
1638	lean	151
1639	simplify	31
1640	overlook	44
1641	dislike	12
1642	assume	429
1643	wide	153
1644	control	993
1645	congruency	15
1646	writings	55
1647	admit	15
1648	anxiety	123
1649	execution	44
1650	duration	42
1651	humanistic	23
1652	moon	12
1653	determinant	144
1654	prior	362
1655	category	467
1656	atmosphere	33
1657	assistant	13
1658	sims	19
1659	hollander	37
1660	domestic	20
1661	captain	38
1662	decline	44
1663	presence	119
1664	bioclimate	18
1665	fulfillment	71
1666	extremism	16
1667	depend	484
1668	younger	83
1669	holistic	22
1670	machiavellianism	12
1671	absence	149
1672	prejudice	29
1673	methodology	128
1674	listening	19
1675	computer	13
1676	observe	368
1677	population	89
1678	preoccupation	16
1679	benevolent	33
1680	burnss	12
1681	come	28
1682	extend	300
1683	distrust	25
1684	efficient	39
1685	employment	76
1686	larger	209
1687	david	12
1688	arrow	13
1689	technique	227
1690	potent	21
1691	inflexible	14
1692	manipulative	37
1693	express	318
1694	static	27
1695	sociopolitical	12
1696	generalize	113
1697	cohesion	62
1698	vivid	15
1699	parameter	48
1700	subset	20
1701	intentional	22
1702	achieve	639
1703	terminology	25
1704	role	2438
1705	recommendation	73
1706	disrupt	19
1707	first	217
1708	contingency	162
1709	call	364
1710	administer	65
1711	organizational	2681
1712	enable	358
1713	mindedness	4
1714	mimicry	1
1715	diagnostic	12
1716	fetter	27
1717	latent	36
1718	highest	74
1719	mood	69
1720	university	611
1721	loyal	17
1722	transaction	75
1723	substantiate	26
1724	subsume	22
1725	idea	557
1726	convention	36
1727	autonomy	382
1728	reflective	89
1729	genetic	39
1730	policy	245
1731	bound	51
1732	climate	481
1733	disruption	15
1734	internal	343
1735	provider	29
1736	citizen	21
1737	worher	12
1738	tentative	16
1739	successful	358
1740	sender	53
1741	retain	49
1742	endogenous	25
1743	confederate	18
1744	board	28
1745	way	594
1746	session	48
1747	point	583
1748	assistance	36
1749	effectiveness	62
1750	prove	129
1751	distinctiveness	19
1752	occasion	17
1753	attention	536
1754	vacuum	17
1755	pay	199
1756	favour	31
1757	proxy	16
1758	reconcile	33
1759	selling	12
1760	drath	13
1761	dental	27
1762	bryman	12
1763	plant	63
1764	give	385
1765	deep	43
1766	propensity	36
1767	demonstrate	618
1768	systematic	109
1769	affection	14
1770	encouragement	62
1771	singapore	16
1772	financial	134
1773	indicator	196
1774	mirror	38
1775	helplessness	16
1776	tolerance	39
1777	fatigue	12
1778	city	26
1779	variant	16
1780	constructionist	22
1781	meyer	15
1782	breaking	16
1783	creativity	385
1784	reluctant	14
1785	status	297
1786	comprehend	12
1787	caregiver	21
1788	linear	36
1789	assertive	56
1790	morale	47
1791	stream	82
1792	constituent	16
1793	set	864
1794	intelligent	55
1795	classical	67
1796	advantage	225
1797	contradiction	24
1798	favoritism	12
1799	heritability	17
1800	deficiency	29
1801	prescribe	57
1802	screen	14
1803	supply	155
1804	leader	9624
1805	accountability	61
1806	endow	13
1807	high	2232
1808	separate	184
1809	relate	431
1810	equation	35
1811	metacategory	21
1812	implicit	251
1813	step	188
1814	michigan	30
1815	inquiry	54
1816	explain	766
1817	a2	1
1818	pro	27
1819	user	28
1820	ignite	12
1821	initial	157
1822	clarification	60
1823	excellent	38
1824	convergence	95
1825	adverse	25
1826	avenue	42
1827	benjamin	27
1828	reward	616
1829	predic	32
1830	planning	156
1831	automatic	20
1832	mission	188
1833	simplistic	13
1834	inspiring	72
1835	store	45
1836	mintzberg	21
1837	check	37
1838	difference	1130
1839	find	236
1840	processing	38
1841	comprehensive	169
1842	resource	1285
1843	tackle	17
1844	offer	553
1845	locus	96
1846	exception	107
1847	competence	366
1848	inventory	48
1849	flexible	77
1850	use	122
1851	output	92
1852	subscale	99
1853	react	64
1854	guideline	50
1855	revision	34
1856	flat	16
1857	transactional	357
1858	motivation	705
1859	partnership	68
1860	mechanistic	17
1861	suspect	31
1862	affiliation	48
1863	hurt	14
1864	select	261
1865	mobilize	50
1866	worry	29
1867	passive	112
1868	congruence	105
1869	knowledge	1403
1870	trainee	33
1871	machiavellian	13
1872	confucian	13
1873	salesperson	34
1874	dream	12
1875	office	68
1876	solid	23
1877	optimal	72
1878	reflect	642
1879	much	26
1880	alternative	285
1881	spend	67
1882	derive	243
1883	incongruity	17
1884	animated	4
1885	development	1372
1886	net	20
1887	essential	195
1888	depletion	51
1889	sociology	14
1890	array	60
1891	recommend	84
1892	dimension	918
1893	frederick	20
1894	ideological	106
1895	discretion	52
1896	sight	17
1897	chaotic	19
1898	sampling	32
1899	lessen	12
1900	warrant	60
1901	official	16
1902	fuel	18
1903	radio	256
1904	refer	585
1905	group	3929
1906	occupancy	15
1907	generation	136
1908	sex	147
1909	recipient	23
1910	cascade	34
1911	hire	39
1912	afford	30
1913	hypothesize	219
1914	individualize	32
1915	absenteeism	39
1916	secondary	49
1917	ambitious	25
1918	evolve	144
1919	solve	48
1920	colder	15
1921	valid	100
1922	unfavorable	44
1923	idealize	60
1924	intuition	22
1925	powerful	159
1926	alter	94
1927	hectic	3
1928	analogous	32
1929	requisite	13
1930	straightforward	18
1931	legitimate	58
1932	publication	50
1933	articulation	56
1934	validate	115
1935	optimistic	36
1936	mandate	18
1937	propose	810
1938	unambiguous	17
1939	ascertain	13
1940	stogdill	58
1941	informal	154
1942	valuable	94
1943	servant	93
1944	destine	2
1945	speed	38
1946	attachment	210
1947	discriminate	12
1948	rhetorical	39
1949	resiliency	28
1950	decide	81
1951	nested	16
1952	drawing	39
1953	parental	22
1954	education	252
1955	discourage	28
1956	broader	156
1957	accounting	29
1958	ment	15
1959	expressiveness	6
1960	loop	23
1961	unexpected	28
1962	employee	2307
1963	infer	52
1964	perception	1289
1965	underlie	25
1966	critique	48
1967	boundary	162
1968	link	708
1969	x	51
1970	miss	39
1971	measurement	271
1972	schedule	52
1973	behaviour	814
1974	mere	30
1975	account	386
1976	longitudinal	115
1977	keller	12
1978	curvilinear	23
1979	depth	61
1980	modification	21
1981	person	760
1982	organize	189
1983	race	93
1984	nurse	396
1985	formulate	72
1986	forceful	19
1987	trustor	21
1988	platoon	31
1989	subgroup	47
1990	succeed	73
1991	expose	67
1992	benign	13
1993	malleable	12
1994	record	59
1995	characteristic	2285
1996	gain	327
1997	equivalent	31
1998	beneficial	99
1999	fiol	21
2000	emerge	544
2001	goal	1
2002	empower	210
2003	premium	16
2004	exacerbate	17
2005	diffuse	28
2006	s2	12
2007	contention	28
2008	divergent	31
2009	statement	130
2010	squad	33
2011	intact	15
2012	agreement	219
2013	archival	16
2014	entitativity	34
2015	incentive	68
2016	preserve	34
2017	lowe	25
2018	imagine	38
2019	blanchard	45
2020	argue	1055
2021	consistency	139
2022	edition	13
2023	extension	76
2024	limit	366
2025	inclination	16
2026	track	18
2027	australia	15
2028	idiosyncrasy	20
2029	prevailing	12
2030	correctness	7
2031	principalship	54
2032	desirable	128
2033	regular	28
2034	scrutiny	23
2035	game	23
2036	maintain	384
2037	breadth	23
2038	pass	53
2039	groupthink	12
2040	balanced	21
2041	collegial	15
2042	comply	40
2043	convergent	21
2044	timely	50
2045	ascription	15
2046	computational	16
2047	considerate	89
2048	intra	51
2049	acceptance	175
2050	intrinsic	69
2051	negativity	23
2052	endeavour	19
2053	recent	75
2054	overarching	25
2055	military	91
2056	bonus	20
2057	inhibit	46
2058	hogg	30
2059	coercion	16
2060	caucasian	36
2061	differentiate	191
2062	distinguishes	34
2063	salient	168
2064	path	112
2065	stress	586
2066	tell	100
2067	undesirable	18
2068	duty	100
2069	sickness	12
2070	fundamental	180
2071	redesign	25
2072	appreciate	39
2073	mismatch	38
2074	blame	45
2075	missing	20
2076	mature	77
2077	invariant	29
2078	renewable	20
2079	occur	627
2080	justify	40
2081	followership	66
2082	act	256
2083	shamir	127
2084	expert	118
2085	exclusive	30
2086	intention	214
2087	small	291
2088	machine	12
2089	want	34
2090	yetton	42
2091	swedish	40
2092	heighten	72
2093	affect	618
2094	negation	22
2095	entity	148
2096	intense	43
2097	premature	13
2098	love	70
2099	practise	27
2100	mitigate	13
2101	attest	13
2102	china	57
2103	venture	31
2104	organic	20
2105	framework	665
2106	assert	116
2107	scientific	112
2108	autonomous	84
2109	termination	12
2110	heuristic	31
2111	symbolism	10
2112	promote	461
2113	readiness	99
2114	flourish	27
2115	usage	17
2116	politics	41
2117	extent	636
2118	enquiry	29
2119	rebuff	1
2120	gender	499
2121	choice	169
2122	engender	67
2123	biography	25
2124	turbulent	19
2125	behave	204
2126	rationality	27
2127	inauthentic	19
2128	sport	69
2129	endure	49
2130	emergent	158
2131	poorer	12
2132	functional	157
2133	rely	215
2134	serve	445
2135	annual	21
2136	key	588
2137	consider	635
2138	ambivalent	65
2139	contend	81
2140	viewpoint	54
2141	write	152
2142	paradoxe	13
2143	sociopsychological	7
2144	least	15
2145	training	455
2146	worse	26
2147	stability	113
2148	plausible	53
2149	supportive	266
2150	baron	14
2151	frame	117
2152	democracy	29
2153	underestimate	16
2154	career	148
2155	trade	40
2156	attitude	540
2157	win	39
2158	library	87
2159	destroy	16
2160	caution	37
2161	flight	18
2162	media	98
2163	advisory	14
2164	actualization	36
2165	sensory	14
2166	creative	255
2167	design	487
2168	synchronicity	13
2169	unconventional	23
2170	interact	297
2171	potency	55
2172	entrepreneurial	41
2173	realize	122
2174	spread	43
2175	top	122
2176	modesty	14
2177	preponderance	12
2178	confront	51
2179	composition	69
2180	delineat	22
2181	presentation	43
2182	organization	3792
2183	largest	20
2184	member	2908
2185	phase	229
2186	behavioral	354
2187	task	1463
2188	aforemention	15
2189	irrespective	21
2190	connectionist	7
2191	success	450
2192	productivity	194
2193	proximity	25
2194	energize	29
2195	notice	31
2196	expect	873
2197	channel	38
2198	likelihood	100
2199	abuse	10
2200	industry	220
2201	consensus	194
2202	noteworthy	17
2203	upheaval	12
2204	different	24
2205	bass	441
2206	judgement	19
2207	commander	23
2208	advancement	65
2209	continuous	76
2210	tactical	12
2211	apply	522
2212	aggregation	39
2213	fellow	30
2214	preference	218
2215	executive	225
2216	wait	17
2217	phrase	13
2218	receiver	18
2219	merger	20
2220	section	90
2221	supervisor	652
2222	originality	18
2223	security	58
2224	independence	117
2225	optimize	19
2226	search	138
2227	compete	84
2228	transparent	20
2229	dictate	15
2230	socio	19
2231	fill	15
2232	profound	28
2233	event	455
2234	bum	15
2235	asset	118
2236	uncooperative	4
2237	contingent	142
2238	moral	245
2239	tree	5
2240	exact	12
2241	necessitate	23
2242	emphasis	369
2243	physical	210
2244	coherence	24
2245	communal	20
2246	portion	48
2247	learner	25
2248	extensive	110
2249	mindset	44
2250	conduct	502
2251	raise	212
2252	political	314
2253	compound	16
2254	exemplify	27
2255	agency	98
2256	rhetoric	33
2257	attenuate	12
2258	disregard	13
2259	experimentation	18
2260	chart	10
2261	tangibility	13
2262	professor	18
2263	dichotomy	21
2264	innovativeness	35
2265	adolescent	12
2266	customize	16
2267	novice	14
2268	papers	90
2269	last	20
2270	identification	699
2271	off	15
2272	assess	429
2273	escape	12
2274	pleasant	14
2275	acknowledgement	14
2276	awareness	95
2277	suffer	74
2278	substandard	1
2279	principal	404
2280	nurture	62
2281	symbol	63
2282	prerequisite	20
2283	marketplace	19
2284	scale	637
2285	easy	61
2286	sociometric	10
2287	well	48
2288	persuade	37
2289	remain	346
2290	product	382
2291	negotiation	49
2292	deluga	12
2293	minor	22
2294	probability	37
2295	responsiveness	31
2296	sociability	15
2297	fire	14
2298	clinical	98
2299	descriptive	84
2300	ambiguous	78
2301	follow	251
2302	fuller	15
2303	prevail	64
2304	code	91
2305	dissent	29
2306	observation	195
2307	resuscitation	31
2308	course	28
2309	attractive	42
2310	punitive	21
2311	globalization	20
2312	technology	435
2313	adoration	12
2314	dynamic	259
2315	physician	22
2316	unfair	16
2317	discourse	119
2318	reader	43
2319	diversity	289
2320	methodological	97
2321	component	630
2322	talent	36
2323	mention	200
2324	project	821
2325	conceptualization	143
2326	initiative	145
2327	ontological	15
2328	kind	233
2329	actor	222
2330	nuanced	12
2331	artificial	27
2332	abdicate	4
2333	quantify	14
2334	attack	24
2335	extravert	21
2336	accommodating	1
2337	invoke	22
2338	guarantee	38
2339	logical	44
2340	adaptation	68
2341	collaborator	38
2342	narrower	12
2343	enter	63
2344	western	130
2345	undertake	75
2346	tyranny	12
2347	hogan	20
2348	autocratic	474
2349	challenging	95
2350	transformation	237
2351	mediator	100
2352	outline	71
2353	generalizability	66
2354	confidence	305
2355	instructional	93
2356	paper	274
2357	uncertain	63
2358	admiration	22
2359	complete	190
2360	suggestion	144
2361	enthusiasm	82
2362	consumer	22
2363	assign	162
2364	anecdotal	18
2365	bipolar	12
2366	motivator	41
2367	strive	64
2368	sequence	49
2369	involvement	182
2370	politician	16
2371	context	1079
2372	aid	26
2373	endogeneity	25
2374	moderate	611
2375	merge	18
2376	voting	12
2377	pioneer	14
2378	principle	275
2379	destructive	77
2380	life	529
2381	council	16
2382	interrelate	37
2383	regulation	96
2384	exposure	57
2385	discussion	462
2386	lay	54
2387	phenomenon	200
2388	origin	52
2389	agreeableness	69
2390	perpetuate	16
2391	specific	963
2392	sectional	64
2393	distress	35
2394	hall	36
2395	view	1228
2396	energetic	14
2397	class	105
2398	desirability	12
2399	institution	120
2400	sincerity	21
2401	multivariate	18
2402	purport	18
2403	macro	46
2404	concerned	193
2405	fiedler	113
2406	liking	14
2407	average	234
2408	isolate	49
2409	maker	47
2410	assertion	63
2411	sorne	12
2412	esteem	134
2413	contrary	80
2414	indifference	29
2415	logistic	15
2416	irrelevant	40
2417	young	46
2418	integrate	353
2419	mother	45
2420	wall	15
2421	estimation	14
2422	sign	28
2423	articulate	144
2424	english	18
2425	fast	24
2426	competition	83
2427	salary	30
2428	stranger	13
2429	partition	12
2430	pair	33
2431	howell	59
2432	ethical	402
2433	reject	51
2434	conceive	58
2435	competency	119
2436	abandon	29
2437	matter	178
2438	visioning	12
2439	consultation	62
2440	variety	314
2441	lens	35
2442	administrator	88
2443	monitor	189
2444	justification	25
2445	personalism	4
2446	route	9
2447	haiti	12
2448	shareholder	41
2449	directiveness	73
2450	curriculum	34
2451	yammarino	75
2452	maximize	67
2453	inspirational	87
2454	faire	1
2455	confirm	138
2456	instrument	158
2457	name	30
2458	officer	59
2459	assertiveness	28
2460	necessity	19
2461	maximum	29
2462	instruct	13
2463	review	985
2464	fourth	75
2465	latitude	40
2466	care	283
2467	norm	261
2468	anonymous	43
2469	foresight	25
2470	state	966
2471	pertinent	20
2472	environmental	198
2473	violate	31
2474	inconclusive	22
2475	experimental	178
2476	racial	14
2477	pursuit	77
2478	motivating	67
2479	systemic	36
2480	intriguing	24
2481	labor	75
2482	socioeconomic	25
2483	confine	19
2484	neuroticism	79
2485	innovative	246
2486	disparate	18
2487	publish	119
2488	inherent	82
2489	exploit	25
2490	willingness	208
2491	fruitful	21
2492	utilize	147
2493	wisdom	30
2494	ceo	225
2495	automation	12
2496	visit	16
2497	definitive	13
2498	pilot	15
2499	phenomena	167
2500	salience	131
2501	several	138
2502	approval	42
2503	advise	29
2504	solicite	14
2505	structure	880
2506	turbulence	21
2507	journey	22
2508	protect	77
2509	contract	89
2510	underscore	26
2511	compute	12
2512	temporal	53
2513	base	1803
2514	interpretive	26
2515	isolation	24
2516	fulfil	69
2517	rapid	43
2518	resolution	34
2519	technical	108
2520	respondent	197
2521	netherlands	14
2522	sociocultural	25
2523	player	49
2524	passion	22
2525	pertain	65
2526	feasible	43
2527	further	153
2528	centre	33
2529	pluralistic	3
2530	proactive	43
2531	ship	35
2532	efect	30
2533	break	61
2534	neglect	74
2535	sexual	14
2536	seniority	19
2537	couple	50
2538	mackenzie	25
2539	determine	593
2540	presume	46
2541	heart	72
2542	foreign	13
2543	sponsor	32
2544	embody	56
2545	convey	81
2546	psychosocial	15
2547	adopter	14
2548	replace	54
2549	numerous	127
2550	horizontal	16
2551	structuration	14
2552	organisational	203
2553	focal	127
2554	current	624
2555	let	26
2556	household	19
2557	bowlby	9
2558	construal	16
2559	incident	92
2560	fashion	36
2561	vigour	4
2562	augmentation	27
2563	austrian	23
2564	exploration	40
2565	facility	15
2566	internalize	73
2567	tend	510
2568	interplay	54
2569	engage	617
2570	society	263
2571	budget	34
2572	unstructured	37
2573	consumption	35
2574	extremist	12
2575	previous	440
2576	charge	114
2577	insurance	13
2578	outcome	1574
2579	infuse	12
2580	underly	16
2581	apprehension	13
2582	hofstedes	26
2583	administrative	123
2584	function	758
2585	difficulty	128
2586	workgroup	134
2587	benchmark	18
2588	hence	20
2589	stimulus	29
2590	conviction	42
2591	constrain	72
2592	discovery	19
2593	shed	12
2594	assimilation	43
2595	realistic	42
2596	align	126
2597	reverence	21
2598	rank	99
2599	job	1371
2600	fix	48
2601	similar	69
2602	exert	148
2603	enhance	649
2604	reduction	71
2605	ensue	14
2606	ignore	73
2607	simple	127
2608	hinder	21
2609	accommodate	29
2610	subdimension	46
2611	core	364
2612	money	35
2613	modern	71
2614	sharp	13
2615	transparency	11
2616	respond	204
2617	element	397
2618	trauma	47
2619	forge	14
2620	winner	12
2621	marketing	41
2622	constituency	22
2623	progress	159
2624	authoritarianism	26
2625	problematic	67
2626	injury	40
2627	transcendent	13
2628	organized	31
2629	brown	52
2630	predisposition	12
2631	period	42
2632	family	116
2633	susceptibility	25
2634	provide	1243
2635	tactic	138
2636	effective	857
2637	cue	121
2638	exercise	158
2639	reframe	22
2640	accrue	16
2641	father	47
2642	bridg	13
2643	measurable	17
2644	positive	1306
2645	britain	14
2646	aesthetic	22
2647	consistent	611
2648	detrimental	38
2649	audience	20
2650	compositional	46
2651	inconsistency	19
2652	shortage	17
2653	predetermine	19
2654	administration	99
2655	public	348
2656	formalization	19
2657	mark	47
2658	disagreement	39
2659	clark	12
2660	specify	41
2661	circumstance	177
2662	sake	43
2663	girl	18
2664	investigator	22
2665	indicative	21
2666	femininity	29
2667	survey	307
2668	depersonalize	38
2669	surround	68
2670	pressure	194
2671	disorder	38
2672	fund	18
2673	rule	281
2674	universal	86
2675	economics	13
2676	relationality	21
2677	ali	36
2678	adoption	86
2679	adult	91
2680	exaggerate	24
2681	equipment	25
2682	maturity	180
2683	cadet	12
2684	experience	1052
2685	interpret	248
2686	superego	12
2687	motivated	214
2688	ordinary	21
2689	commercial	13
2690	utility	82
2691	rethink	16
2692	conscious	36
2693	pride	26
2694	format	22
2695	economy	85
2696	religion	46
2697	basic	288
2698	dynamics	218
2699	ownership	31
2700	vroom	75
2701	detail	40
2702	declare	13
2703	dispute	14
2704	primary	305
2705	manifest	118
2706	visionary	77
2707	reside	31
2708	contribution	438
2709	extrinsic	45
2710	resemble	20
2711	international	80
2712	transcendence	32
2713	head	85
2714	identical	28
2715	line	91
2716	paragraph	20
2717	feminine	97
2718	branch	18
2719	omission	17
2720	temper	16
2721	sufficient	127
2722	strain	86
2723	outsider	33
2724	fresh	14
2725	lateral	19
2726	future	926
2727	charismatic	1
2728	persistent	25
2729	framing	13
2730	milestone	12
2731	enterprise	184
2732	empowering	11
2733	resonance	2
2734	conflict	371
2735	uniformity	13
2736	satisfactory	26
2737	activate	93
2738	investigate	436
2739	construction	160
2740	list	129
2741	laboratory	134
2742	destruction	13
2743	optimism	95
2744	discrete	58
2745	signal	79
2746	reinforcement	31
2747	discuss	543
2748	extraverted	25
2749	intend	150
2750	postulate	63
2751	illuminate	18
2752	regulate	45
2753	hole	24
2754	leverage	35
2755	identity	920
2756	regeneration	27
2757	chaos	26
2758	extant	65
2759	impression	94
2760	lowest	32
2761	interface	21
2762	remedy	13
2763	accomplishment	109
2764	symptom	36
2765	contaminate	12
2766	unrealistic	25
2767	endeavor	24
2768	example	166
2769	challenge	422
2770	forest	12
2771	believe	495
2772	school	953
2773	temperature	12
2774	understanding	906
2775	revise	65
2776	inadequate	36
2777	alcohol	45
2778	operation	99
2779	register	47
2780	manner	259
2781	chinese	115
2782	innovate	30
2783	comparable	29
2784	landscape	14
2785	blocking	1
2786	respects	27
2787	transform	194
2788	expressive	41
2789	authority	328
2790	miner	13
2791	suppose	33
2792	body	137
2793	feeling	277
2794	sale	92
2795	exceed	51
2796	mentoring	5
2797	endorse	80
2798	cooperate	48
2799	unpredic	23
2800	reliability	90
2801	deliberation	12
2802	conference	19
2803	feed	14
2804	disability	12
2805	permissive	16
2806	air	16
2807	hostile	18
2808	talk	85
2809	invest	63
2810	authentic	205
2811	informative	17
2812	tyrannical	15
2813	posner	13
2814	combine	234
2815	cognition	113
2816	chapter	16
2817	trace	39
2818	repertoire	22
2819	decade	53
2820	economic	244
2821	attach	79
2822	submit	25
2823	incorrect	14
2824	laissez	1
2825	clarify	176
2826	entail	73
2827	insecurity	18
2828	predictability	25
2829	hearing	3
2830	privilege	15
2831	combination	277
2832	inspire	99
2833	insecure	28
2834	investment	84
2835	dedication	33
2836	premise	71
2837	moderator	271
2838	compilational	46
2839	define	1069
2840	intercorrelation	29
2841	dispersion	16
2842	modify	86
2843	tendency	269
2844	revisit	12
2845	generate	377
2846	reputation	78
2847	incompatible	13
2848	expatriate	25
2849	tenet	37
2850	facilitation	41
2851	internet	16
2852	transmit	49
2853	maintenance	64
2854	positivity	18
2855	romantic	24
2856	attainment	65
2857	scholar	306
2858	stage	332
2859	replication	37
2860	platform	15
2861	explanatory	51
2862	exhaustion	32
2863	adopt	213
2864	depiction	12
2865	tolerate	13
2866	enormous	18
2867	consensual	14
2868	retrospective	13
2869	mass	23
2870	credibility	51
2871	survive	33
2872	synthesize	23
2873	inference	74
2874	advanced	86
2875	underpinnings	14
2876	evoke	69
2877	fit	270
2878	expansion	19
2879	representative	92
2880	australian	36
2881	noncharismatic	16
2882	produce	459
2883	opportunity	520
2884	confirmation	15
2885	market	166
2886	random	16
2887	contribute	545
2888	enlist	13
2889	connection	174
2890	gap	101
2891	introversion	6
2892	solving	216
2893	conscientiousness	85
2894	significant	33
2895	progressive	15
2896	embrace	71
2897	stan	13
2898	supervision	122
2899	outgroup	90
2900	lend	27
2901	process	3064
2902	york	12
2903	bullying	219
2904	contact	172
2905	allocation	31
2906	issue	828
2907	accentuate	15
2908	depersonalization	15
2909	idealization	12
2910	stem	91
2911	sensemaking	112
2912	influential	125
2913	sociophysical	1
2914	textbook	37
2915	continuance	2
2916	constitute	178
2917	firm	590
2918	stressful	101
2919	survival	103
2920	contradict	27
2921	certainty	31
2922	attitudinal	34
2923	dyadic	143
2924	floor	12
2925	pool	38
2926	comparative	59
2927	coaching	118
2928	austria	18
2929	command	58
2930	calculate	60
2931	expend	19
2932	corrective	32
2933	parcel	15
2934	educator	34
2935	lichtenstein	12
2936	expense	26
2937	charm	5
2938	glass	18
2939	presuppose	13
2940	subjectivity	32
2941	psychology	185
2942	charism	2
2943	ongoing	107
2944	usual	24
2945	lack	488
2946	vignette	14
2947	minister	14
2948	insider	17
2949	underpin	23
2950	changing	33
2951	healthy	25
2952	characterization	17
2953	split	32
2954	second	182
2955	dean	25
2956	prepare	47
2957	overlap	145
2958	consulting	41
2959	collaborate	16
2960	corporate	531
2961	pace	15
2962	dialogue	39
2963	criticize	81
2964	extraordinary	54
2965	collectivism	71
2966	dark	37
2967	psychologist	62
2968	precursor	23
2969	explore	461
2970	credit	69
2971	oral	7
2972	considerateness	14
2973	remove	37
2974	trait	974
2975	pessimistic	17
2976	multi	98
2977	price	31
2978	teach	67
2979	capitalize	13
2980	suite	38
2981	discretionary	33
2982	database	27
2983	cope	95
2984	locate	57
2985	dysfunctional	42
2986	intertwined	13
2987	provoke	12
2988	harmful	18
2989	script	32
2990	party	131
2991	motivational	164
2992	blake	4
2993	lesson	37
2994	simulation	47
2995	mail	38
2996	masculine	83
2997	length	30
2998	efficacy	131
2999	coin	12
3000	study	5641
3001	profession	73
3002	skilled	12
3003	formalize	41
3004	fantasy	30
3005	distance	293
3006	demand	358
3007	productive	66
3008	activity	631
3009	practical	207
3010	virtue	65
3011	position	755
3012	magnitude	55
3013	tone	26
3014	response	390
3015	manipulation	79
3016	comfort	17
3017	accuracy	63
3018	limitation	332
3019	natural	92
3020	contractual	26
3021	interactionism	5
3022	mobilizing	2
3023	pervasive	28
3024	culture	1137
3025	manifestation	60
3026	method	447
3027	crucial	110
3028	stimulate	129
3029	situation	1555
3030	percentage	38
3031	perceive	1159
3032	available	227
3033	graduate	34
3034	meeting	222
3035	system	672
3036	demonstration	24
3037	suggest	1337
3038	pursue	155
3039	normal	49
3040	diagnosis	14
3041	range	392
3042	deem	39
3043	critic	24
3044	side	20
3045	admire	24
3046	realm	49
3047	urge	19
3048	citizenship	316
3049	country	546
3050	lewin	33
3051	classic	52
3052	biology	12
3053	frequent	62
3054	opposition	13
3055	hungry	4
3056	consequential	22
3057	delegating	18
3058	prototypical	157
3059	employ	264
3060	anchor	20
3061	rousseau	15
3062	distinct	248
3063	conformity	32
3064	unfold	31
3065	attract	47
3066	appeal	134
3067	literature	1350
3068	moment	44
3069	governance	73
3070	psychoanalytic	28
3071	respected	28
3072	concentrate	67
3073	delivery	36
3074	narcissist	17
3075	cognitive	291
3076	expectancy	61
3077	collectivity	48
3078	recruitment	21
3079	warm	15
3080	camp	14
3081	great	186
3082	agent	69
3083	special	140
3084	owner	29
3085	repetitive	14
3086	revolutionary	16
3087	supervisory	132
3088	constant	49
3089	agree	159
3090	intrapsychic	12
3091	error	137
3092	deal	320
3093	creation	249
3094	allocate	45
3095	selection	180
3096	alpha	21
3097	interaction	887
3098	strong	713
3099	cultivate	27
3100	effects	54
3101	intuitive	32
3102	limited	113
3103	aggregate	97
3104	warmth	18
3105	commit	132
3106	research	470
3107	supplement	30
3108	chance	64
3109	profit	60
3110	intentionality	30
3111	spirit	55
3112	sociologist	15
3113	complex	510
3114	equalitarian	16
3115	bush	15
3116	prone	46
3117	librarian	14
3118	hamper	12
3119	balance	171
3120	persist	25
3121	compensate	19
3122	quote	20
3123	most	149
3124	prominence	18
3125	contain	37
3126	favorableness	5
3127	peripheral	12
3128	text	57
3129	undergraduate	17
3130	arrangement	14
3131	distinction	271
3132	individualism	57
3133	mischel	13
3134	homogeneity	41
3135	hospital	95
3136	business	557
3137	false	17
3138	making	12
3139	over	25
3140	governmental	17
3141	minded	15
3142	processual	15
3143	contemporary	124
3144	baby	8
3145	college	40
3146	reinforce	166
3147	original	169
3148	engagement	151
3149	collapse	19
3150	controversial	19
3151	illustration	22
3152	double	34
3153	inborn	1
3154	helpful	53
3155	pseudo	11
3156	fleishman	26
3157	attraction	42
3158	homogeneous	52
3159	frustrated	14
3160	production	121
3161	parsimonious	21
3162	equity	52
3163	evaluation	319
3164	complaint	17
3165	quit	39
3166	uncertainty	443
3167	impose	67
3168	wing	17
3169	incomplete	21
3170	animal	14
3171	information	924
3172	skill	662
3173	lesser	32
3174	operator	12
3175	advocate	114
3176	conservatism	28
3177	opinion	159
3178	historical	110
3179	considerable	169
3180	rational	114
3181	dominance	94
3182	joint	57
3183	consciousness	19
3184	start	124
3185	connote	12
3186	underlying	211
3187	full	130
3188	lippitt	15
3189	word	55
3190	pathway	23
3191	affiliative	14
3192	broaden	27
3193	acknowledge	177
3194	accomplish	212
3195	commission	15
3196	enact	120
3197	disaster	14
3198	actual	258
3199	avoid	212
3200	transfer	64
3201	scope	115
3202	tradition	85
3203	intervene	110
3204	own	15
3205	reverse	48
3206	normative	83
3207	consultant	27
3208	obtain	38
3209	overarch	12
3210	vice	46
3211	final	106
3212	stance	16
3213	committee	27
3214	avoidance	88
3215	advantageous	19
3216	bold	31
3217	entitle	13
3218	bureaucratic	62
3219	independent	359
3220	crise	61
3221	recall	52
3222	downward	23
3223	density	24
3224	action	882
3225	famous	18
3226	unity	29
3227	colleague	250
3228	black	22
3229	major	386
3230	forget	16
3231	proportion	71
3232	causal	193
3233	sociological	40
3234	familiar	43
3235	discrimination	18
3236	arousing	15
3237	history	152
3238	measure	1570
3239	biological	42
3240	height	16
3241	separation	25
3242	metric	36
3243	collectivist	61
3244	manual	16
3245	disconnect	17
3246	alternate	32
3247	rise	100
3248	multinational	22
3249	separable	13
3250	persuasion	53
3251	appraisal	80
3252	aspiration	51
3253	existence	151
3254	subordinate	1727
3255	strict	15
3256	classroom	77
3257	intensive	28
3258	episode	24
3259	unwillingness	14
3260	train	81
3261	hopeful	9
3262	broad	173
3263	honor	19
3264	centralization	31
3265	bolster	19
3266	inclined	43
3267	recruit	26
3268	vehicle	22
3269	griffin	17
3270	attentive	21
3271	land	36
3272	comfor	45
3273	four	543
3274	incorporate	204
3275	reliance	42
3276	possibility	235
3277	proposition	301
3278	incumbent	20
3279	ontology	33
3280	selective	18
3281	story	61
3282	avolio	187
3283	writing	39
3284	satisfaction	570
3285	mix	128
3286	general	654
3287	network	686
3288	foci	13
3289	indifferent	17
3290	unethical	41
3291	operational	102
3292	inflate	19
3293	stakeholder	222
3294	judgment	116
3295	basis	527
3296	academics	12
3297	communicate	276
3298	precondition	13
3299	minority	64
3300	fortune	14
3301	intangible	25
3302	enjoy	58
3303	graen	68
3304	flexibility	211
3305	local	104
3306	associate	121
3307	narrative	101
